"","log2FoldChange","padj","Factor"
"ko:K00024",-0.891160989469552,0.945222884667638,"Menthol_Menthol_vs_Control"
"ko:K00031",-0.669814134688932,0.945222884667638,"Menthol_Menthol_vs_Control"
"ko:K00128",-0.229967825098831,0.945222884667638,"Menthol_Menthol_vs_Control"
"ko:K00134",1.51887270619936,0.70367973349119,"Menthol_Menthol_vs_Control"
"ko:K00140",0.14964832579509,0.945222884667638,"Menthol_Menthol_vs_Control"
"ko:K00207",0.342275737539483,0.945222884667638,"Menthol_Menthol_vs_Control"
"ko:K00235",-0.147132096985754,0.945222884667638,"Menthol_Menthol_vs_Control"
"ko:K00249",0.25236667309358,0.950793158257641,"Menthol_Menthol_vs_Control"
"ko:K00262",0.0499079692129643,0.976892934800774,"Menthol_Menthol_vs_Control"
"ko:K00331",0.730539012107675,0.945222884667638,"Menthol_Menthol_vs_Control"
"ko:K00333",-0.908263115991203,0.48439170483148,"Menthol_Menthol_vs_Control"
"ko:K00338",0.450201359472492,0.945222884667638,"Menthol_Menthol_vs_Control"
"ko:K00357",0.502845999894339,0.945222884667638,"Menthol_Menthol_vs_Control"
"ko:K00411",0.102099680061108,0.945222884667638,"Menthol_Menthol_vs_Control"
"ko:K00413",0.579250461729177,0.945222884667638,"Menthol_Menthol_vs_Control"
"ko:K00456",-0.581027176421811,0.945222884667638,"Menthol_Menthol_vs_Control"
"ko:K00469",0.158366522723479,0.945222884667638,"Menthol_Menthol_vs_Control"
"ko:K00500",0.185856083933298,0.945222884667638,"Menthol_Menthol_vs_Control"
"ko:K00522",-0.737153159333454,0.351703638546777,"Menthol_Menthol_vs_Control"
"ko:K00544",-0.840583108687327,0.945222884667638,"Menthol_Menthol_vs_Control"
"ko:K00616",-1.58800814138258,0.945222884667638,"Menthol_Menthol_vs_Control"
"ko:K00643",0.288767434387168,0.945222884667638,"Menthol_Menthol_vs_Control"
"ko:K00799",-0.73024553093044,0.945222884667638,"Menthol_Menthol_vs_Control"
"ko:K00814",-0.3574460053555,0.945222884667638,"Menthol_Menthol_vs_Control"
"ko:K00819",0.714345059862993,0.25310067469396,"Menthol_Menthol_vs_Control"
"ko:K00856",-0.142650178611912,0.945434144679215,"Menthol_Menthol_vs_Control"
"ko:K00933",-0.10450080463438,0.945222884667638,"Menthol_Menthol_vs_Control"
"ko:K00939",-0.229745525643214,0.945222884667638,"Menthol_Menthol_vs_Control"
"ko:K00940",0.114242841783465,0.948656212646734,"Menthol_Menthol_vs_Control"
"ko:K00967",0.349128580260984,0.48439170483148,"Menthol_Menthol_vs_Control"
"ko:K01070",-1.36124655588579,0.945222884667638,"Menthol_Menthol_vs_Control"
"ko:K01206",0.00635143496253235,0.99841623030614,"Menthol_Menthol_vs_Control"
"ko:K01251",1.2977041996211,0.147212412629038,"Menthol_Menthol_vs_Control"
"ko:K01363",0.268701686613638,0.945222884667638,"Menthol_Menthol_vs_Control"
"ko:K01365",-0.0451614246315289,0.945222884667638,"Menthol_Menthol_vs_Control"
"ko:K01379",0.265723291744788,0.945222884667638,"Menthol_Menthol_vs_Control"
"ko:K01551",-0.0229591936446759,0.99841623030614,"Menthol_Menthol_vs_Control"
"ko:K01596",0.760618607759773,0.0956521657639238,"Menthol_Menthol_vs_Control"
"ko:K01623",-1.03630635869335,0.187078845627284,"Menthol_Menthol_vs_Control"
"ko:K01681",-0.211986599637722,0.945222884667638,"Menthol_Menthol_vs_Control"
"ko:K01689",0.845822538487178,0.331530974419029,"Menthol_Menthol_vs_Control"
"ko:K01697",0.191670164700273,0.948656212646734,"Menthol_Menthol_vs_Control"
"ko:K01758",0.0866517305166401,0.968235107160252,"Menthol_Menthol_vs_Control"
"ko:K01875",0.378809724005753,0.945222884667638,"Menthol_Menthol_vs_Control"
"ko:K01881",1.06297458578717,0.945222884667638,"Menthol_Menthol_vs_Control"
"ko:K01889",-0.231084790813311,0.945222884667638,"Menthol_Menthol_vs_Control"
"ko:K01890",-0.349642427760022,0.945222884667638,"Menthol_Menthol_vs_Control"
"ko:K01892",-0.817851804203514,0.945222884667638,"Menthol_Menthol_vs_Control"
"ko:K01893",-0.5168140334532,0.945222884667638,"Menthol_Menthol_vs_Control"
"ko:K01953",-0.570123745697968,0.719427456110029,"Menthol_Menthol_vs_Control"
"ko:K02105",-0.179779305744412,0.945222884667638,"Menthol_Menthol_vs_Control"
"ko:K02111",-2.17362140983613,0.631321302156163,"Menthol_Menthol_vs_Control"
"ko:K02112",-0.112871248406224,0.945222884667638,"Menthol_Menthol_vs_Control"
"ko:K02146",-0.658474764473266,0.945222884667638,"Menthol_Menthol_vs_Control"
"ko:K02149",-0.207653321528025,0.945222884667638,"Menthol_Menthol_vs_Control"
"ko:K02152",0.00258777083321567,0.99841623030614,"Menthol_Menthol_vs_Control"
"ko:K02155",-0.323118277427804,0.945222884667638,"Menthol_Menthol_vs_Control"
"ko:K02183",0.400505430076246,0.425895623326305,"Menthol_Menthol_vs_Control"
"ko:K02219",0.384997602755335,0.945222884667638,"Menthol_Menthol_vs_Control"
"ko:K02267",-0.933215375607772,0.945222884667638,"Menthol_Menthol_vs_Control"
"ko:K02437",0.130383549906384,0.945222884667638,"Menthol_Menthol_vs_Control"
"ko:K02503",-1.16057406080466,0.945222884667638,"Menthol_Menthol_vs_Control"
"ko:K02635",-0.0913678633109701,0.948656212646734,"Menthol_Menthol_vs_Control"
"ko:K02639",-1.59102281285677,0.908181773245705,"Menthol_Menthol_vs_Control"
"ko:K02703",0.684521269114683,0.945222884667638,"Menthol_Menthol_vs_Control"
"ko:K02705",0.734537851190067,0.945222884667638,"Menthol_Menthol_vs_Control"
"ko:K02706",-0.222756631784122,0.945222884667638,"Menthol_Menthol_vs_Control"
"ko:K02725",-1.17050798884912,0.945222884667638,"Menthol_Menthol_vs_Control"
"ko:K02726",0.234404438299191,0.945222884667638,"Menthol_Menthol_vs_Control"
"ko:K02728",-1.08844597413077,0.921136314961085,"Menthol_Menthol_vs_Control"
"ko:K02732",0.194056173698829,0.945222884667638,"Menthol_Menthol_vs_Control"
"ko:K02865",-0.301912308282006,0.945222884667638,"Menthol_Menthol_vs_Control"
"ko:K02866",-0.207594697595681,0.945222884667638,"Menthol_Menthol_vs_Control"
"ko:K02870",0.361685623789253,0.526110731479949,"Menthol_Menthol_vs_Control"
"ko:K02872",-0.820536715731469,0.945222884667638,"Menthol_Menthol_vs_Control"
"ko:K02873",0.433450187951428,0.945222884667638,"Menthol_Menthol_vs_Control"
"ko:K02877",1.09853067795636,0.945222884667638,"Menthol_Menthol_vs_Control"
"ko:K02880",-0.244418307199801,0.945222884667638,"Menthol_Menthol_vs_Control"
"ko:K02882",-0.210957926448308,0.945222884667638,"Menthol_Menthol_vs_Control"
"ko:K02885",-0.623013173937914,0.945222884667638,"Menthol_Menthol_vs_Control"
"ko:K02889",0.0749219027369186,0.95832973730345,"Menthol_Menthol_vs_Control"
"ko:K02896",-0.142798094035715,0.945222884667638,"Menthol_Menthol_vs_Control"
"ko:K02898",-0.59954377898456,0.945222884667638,"Menthol_Menthol_vs_Control"
"ko:K02901",-0.159362412864289,0.945222884667638,"Menthol_Menthol_vs_Control"
"ko:K02905",0.0656339345877898,0.945222884667638,"Menthol_Menthol_vs_Control"
"ko:K02908",0.702584303607633,0.858091295328454,"Menthol_Menthol_vs_Control"
"ko:K02910",0.398795589669301,0.945222884667638,"Menthol_Menthol_vs_Control"
"ko:K02915",-0.0606043142048778,0.968235107160252,"Menthol_Menthol_vs_Control"
"ko:K02918",-0.315259699521242,0.945222884667638,"Menthol_Menthol_vs_Control"
"ko:K02920",-0.222124876111173,0.945222884667638,"Menthol_Menthol_vs_Control"
"ko:K02923",-0.449583047208472,0.945222884667638,"Menthol_Menthol_vs_Control"
"ko:K02924",-0.546749045120832,0.945222884667638,"Menthol_Menthol_vs_Control"
"ko:K02929",-0.707075170837546,0.945222884667638,"Menthol_Menthol_vs_Control"
"ko:K02932",-0.139074169524292,0.945222884667638,"Menthol_Menthol_vs_Control"
"ko:K02936",-0.433824766629554,0.945222884667638,"Menthol_Menthol_vs_Control"
"ko:K02937",1.01249989635297,0.945222884667638,"Menthol_Menthol_vs_Control"
"ko:K02938",-0.486794190073902,0.945222884667638,"Menthol_Menthol_vs_Control"
"ko:K02941",-0.391217103555077,0.945222884667638,"Menthol_Menthol_vs_Control"
"ko:K02947",-0.338942110309574,0.945222884667638,"Menthol_Menthol_vs_Control"
"ko:K02949",0.360841558561434,0.945222884667638,"Menthol_Menthol_vs_Control"
"ko:K02951",0.613106880596303,0.945222884667638,"Menthol_Menthol_vs_Control"
"ko:K02953",0.632245672753957,0.945222884667638,"Menthol_Menthol_vs_Control"
"ko:K02955",0.112266143729181,0.945222884667638,"Menthol_Menthol_vs_Control"
"ko:K02958",0.223629784026733,0.945222884667638,"Menthol_Menthol_vs_Control"
"ko:K02962",-0.424515850485427,0.945222884667638,"Menthol_Menthol_vs_Control"
"ko:K02966",0.414013720539101,0.945222884667638,"Menthol_Menthol_vs_Control"
"ko:K02969",-1.00517917709247,0.945222884667638,"Menthol_Menthol_vs_Control"
"ko:K02973",0.967803392322231,0.945222884667638,"Menthol_Menthol_vs_Control"
"ko:K02975",-0.748215897930476,0.945222884667638,"Menthol_Menthol_vs_Control"
"ko:K02976",-1.49566732071142,0.945222884667638,"Menthol_Menthol_vs_Control"
"ko:K02978",-0.597162455728685,0.657225943984336,"Menthol_Menthol_vs_Control"
"ko:K02980",-1.16397388425188,0.48439170483148,"Menthol_Menthol_vs_Control"
"ko:K02983",0.513466332492615,0.945222884667638,"Menthol_Menthol_vs_Control"
"ko:K02984",0.837285264722124,0.700447932082297,"Menthol_Menthol_vs_Control"
"ko:K02985",-0.304767632243938,0.945222884667638,"Menthol_Menthol_vs_Control"
"ko:K02987",1.24908416016603,0.945222884667638,"Menthol_Menthol_vs_Control"
"ko:K02991",-0.103535366691543,0.945222884667638,"Menthol_Menthol_vs_Control"
"ko:K02992",-0.263308332298449,0.945222884667638,"Menthol_Menthol_vs_Control"
"ko:K02993",-0.77536374636335,0.25310067469396,"Menthol_Menthol_vs_Control"
"ko:K02995",-0.0212612883692956,0.993574907595452,"Menthol_Menthol_vs_Control"
"ko:K03007",-0.357159000884223,0.945222884667638,"Menthol_Menthol_vs_Control"
"ko:K03008",0.748974709028752,0.945222884667638,"Menthol_Menthol_vs_Control"
"ko:K03031",0.206453945808184,0.945222884667638,"Menthol_Menthol_vs_Control"
"ko:K03083",0.051054364267559,0.952779697548788,"Menthol_Menthol_vs_Control"
"ko:K03113",-0.312383491395949,0.945222884667638,"Menthol_Menthol_vs_Control"
"ko:K03231",0.626648221089715,0.945222884667638,"Menthol_Menthol_vs_Control"
"ko:K03232",-1.96246071710928,0.425895623326305,"Menthol_Menthol_vs_Control"
"ko:K03233",-0.299351980981124,0.945222884667638,"Menthol_Menthol_vs_Control"
"ko:K03234",0.868184277081125,0.945222884667638,"Menthol_Menthol_vs_Control"
"ko:K03236",-0.791118672121663,0.48626895725984,"Menthol_Menthol_vs_Control"
"ko:K03246",0.337460562620321,0.945222884667638,"Menthol_Menthol_vs_Control"
"ko:K03247",-0.311496503055692,0.945222884667638,"Menthol_Menthol_vs_Control"
"ko:K03283",-0.343473359059275,0.945222884667638,"Menthol_Menthol_vs_Control"
"ko:K03521",0.196253943025007,0.945222884667638,"Menthol_Menthol_vs_Control"
"ko:K03522",-0.76962393445794,0.945222884667638,"Menthol_Menthol_vs_Control"
"ko:K03626",-0.0984515400692577,0.945222884667638,"Menthol_Menthol_vs_Control"
"ko:K03661",-1.49026744454474,0.908181773245705,"Menthol_Menthol_vs_Control"
"ko:K03872",0.385413810871339,0.945222884667638,"Menthol_Menthol_vs_Control"
"ko:K03873",0.00210046132355665,0.99841623030614,"Menthol_Menthol_vs_Control"
"ko:K03936",0.293770905812085,0.945222884667638,"Menthol_Menthol_vs_Control"
"ko:K03942",-0.0141149780419952,0.99841623030614,"Menthol_Menthol_vs_Control"
"ko:K03943",0.807841435161434,0.945222884667638,"Menthol_Menthol_vs_Control"
"ko:K04043",0.6556801207814,0.945222884667638,"Menthol_Menthol_vs_Control"
"ko:K04079",-0.227331525634886,0.945222884667638,"Menthol_Menthol_vs_Control"
"ko:K04345",0.94624251442279,0.945222884667638,"Menthol_Menthol_vs_Control"
"ko:K04348",1.48843276478963,0.945222884667638,"Menthol_Menthol_vs_Control"
"ko:K04354",-2.06881024008259,0.0273378862020662,"Menthol_Menthol_vs_Control"
"ko:K04364",-0.264106113143575,0.945222884667638,"Menthol_Menthol_vs_Control"
"ko:K04369",-0.982190758999049,0.945222884667638,"Menthol_Menthol_vs_Control"
"ko:K04370",0.203666063073056,0.945434144679215,"Menthol_Menthol_vs_Control"
"ko:K04371",-0.38735443839429,0.945222884667638,"Menthol_Menthol_vs_Control"
"ko:K04393",-0.636629182844716,0.945222884667638,"Menthol_Menthol_vs_Control"
"ko:K04444",-1.13400416949185,0.945222884667638,"Menthol_Menthol_vs_Control"
"ko:K04456",-0.700384718846654,0.945222884667638,"Menthol_Menthol_vs_Control"
"ko:K04503",-0.183230653079859,0.945222884667638,"Menthol_Menthol_vs_Control"
"ko:K04536",-0.637627883710659,0.945222884667638,"Menthol_Menthol_vs_Control"
"ko:K04552",0.169493899417105,0.945222884667638,"Menthol_Menthol_vs_Control"
"ko:K04567",0.0506983873877484,0.945222884667638,"Menthol_Menthol_vs_Control"
"ko:K04712",0.212880374590851,0.945222884667638,"Menthol_Menthol_vs_Control"
"ko:K05754",-0.128235804826101,0.945222884667638,"Menthol_Menthol_vs_Control"
"ko:K05755",0.713524367050448,0.945222884667638,"Menthol_Menthol_vs_Control"
"ko:K05757",0.0570477681229412,0.945222884667638,"Menthol_Menthol_vs_Control"
"ko:K05758",-0.728739828457291,0.945222884667638,"Menthol_Menthol_vs_Control"
"ko:K05759",-0.762094150632534,0.48439170483148,"Menthol_Menthol_vs_Control"
"ko:K06685",0.347881802459389,0.945222884667638,"Menthol_Menthol_vs_Control"
"ko:K06689",-0.162950161212235,0.945222884667638,"Menthol_Menthol_vs_Control"
"ko:K06704",0.551872838681639,0.945222884667638,"Menthol_Menthol_vs_Control"
"ko:K07151",-0.206149771200332,0.945222884667638,"Menthol_Menthol_vs_Control"
"ko:K07192",-0.194586583543687,0.945222884667638,"Menthol_Menthol_vs_Control"
"ko:K07205",-0.885854591045075,0.680216039400903,"Menthol_Menthol_vs_Control"
"ko:K07342",-0.25468091402628,0.945222884667638,"Menthol_Menthol_vs_Control"
"ko:K07375",0.135489748378026,0.945222884667638,"Menthol_Menthol_vs_Control"
"ko:K07509",-0.0809625878760191,0.948656212646734,"Menthol_Menthol_vs_Control"
"ko:K07827",0.419009976963869,0.945222884667638,"Menthol_Menthol_vs_Control"
"ko:K07874",0.395560550058907,0.945222884667638,"Menthol_Menthol_vs_Control"
"ko:K07887",0.0789914979027381,0.948656212646734,"Menthol_Menthol_vs_Control"
"ko:K07890",1.23523264156216,0.147212412629038,"Menthol_Menthol_vs_Control"
"ko:K07893",-0.399430420680884,0.945222884667638,"Menthol_Menthol_vs_Control"
"ko:K07901",-0.528852205417187,0.945222884667638,"Menthol_Menthol_vs_Control"
"ko:K07936",0.306193390216664,0.945222884667638,"Menthol_Menthol_vs_Control"
"ko:K07937",0.0264686470245947,0.950793158257641,"Menthol_Menthol_vs_Control"
"ko:K07976",0.543428007852992,0.945222884667638,"Menthol_Menthol_vs_Control"
"ko:K08056",-0.0864525588654543,0.987414359458405,"Menthol_Menthol_vs_Control"
"ko:K08548",0.136965077923179,0.945222884667638,"Menthol_Menthol_vs_Control"
"ko:K08764",1.17911137536082,0.945222884667638,"Menthol_Menthol_vs_Control"
"ko:K08870",-0.547264145221637,0.945222884667638,"Menthol_Menthol_vs_Control"
"ko:K08957",0.924675193032351,0.945222884667638,"Menthol_Menthol_vs_Control"
"ko:K09022",-0.467434651014846,0.945222884667638,"Menthol_Menthol_vs_Control"
"ko:K09398",0.957311819274256,0.945222884667638,"Menthol_Menthol_vs_Control"
"ko:K09481",0.116969090020904,0.945222884667638,"Menthol_Menthol_vs_Control"
"ko:K09490",1.32207200347466,0.70367973349119,"Menthol_Menthol_vs_Control"
"ko:K09567",-1.28169999872307,0.945222884667638,"Menthol_Menthol_vs_Control"
"ko:K09568",0.732206986801975,0.945222884667638,"Menthol_Menthol_vs_Control"
"ko:K09569",1.60856708132569,0.358843857050748,"Menthol_Menthol_vs_Control"
"ko:K09580",0.0605568245578169,0.948656212646734,"Menthol_Menthol_vs_Control"
"ko:K09584",0.200173960992849,0.945222884667638,"Menthol_Menthol_vs_Control"
"ko:K09595",-0.824705797262129,0.48439170483148,"Menthol_Menthol_vs_Control"
"ko:K10364",0.553310374400669,0.71468696182317,"Menthol_Menthol_vs_Control"
"ko:K10365",-0.154902283965007,0.945222884667638,"Menthol_Menthol_vs_Control"
"ko:K10418",0.384863257971158,0.945222884667638,"Menthol_Menthol_vs_Control"
"ko:K10419",0.273066783428733,0.945222884667638,"Menthol_Menthol_vs_Control"
"ko:K10420",0.0137045471869167,0.99588658467971,"Menthol_Menthol_vs_Control"
"ko:K10435",0.0746330005374121,0.945222884667638,"Menthol_Menthol_vs_Control"
"ko:K10573",0.903564603728766,0.945222884667638,"Menthol_Menthol_vs_Control"
"ko:K10575",-0.423723880616017,0.945222884667638,"Menthol_Menthol_vs_Control"
"ko:K10577",-0.839989731362754,0.945222884667638,"Menthol_Menthol_vs_Control"
"ko:K10580",0.0333698740323094,0.983715258986435,"Menthol_Menthol_vs_Control"
"ko:K10582",0.324324002254679,0.945222884667638,"Menthol_Menthol_vs_Control"
"ko:K10583",-0.995220500739738,0.945222884667638,"Menthol_Menthol_vs_Control"
"ko:K10688",-1.35885877143797,0.945222884667638,"Menthol_Menthol_vs_Control"
"ko:K10704",0.153647873003612,0.945222884667638,"Menthol_Menthol_vs_Control"
"ko:K10949",0.057932955224936,0.976892934800774,"Menthol_Menthol_vs_Control"
"ko:K10956",0.873798596865171,0.945222884667638,"Menthol_Menthol_vs_Control"
"ko:K11087",-0.358096925819548,0.945222884667638,"Menthol_Menthol_vs_Control"
"ko:K11088",0.00962520106119762,0.99841623030614,"Menthol_Menthol_vs_Control"
"ko:K11099",0.685375145371026,0.945222884667638,"Menthol_Menthol_vs_Control"
"ko:K11130",0.909831307266847,0.945222884667638,"Menthol_Menthol_vs_Control"
"ko:K11188",-0.268713010971112,0.945222884667638,"Menthol_Menthol_vs_Control"
"ko:K11251",1.06816546665677,0.48439170483148,"Menthol_Menthol_vs_Control"
"ko:K11252",-0.0827634068575594,0.945434144679215,"Menthol_Menthol_vs_Control"
"ko:K11254",0.0309449103372955,0.993574907595452,"Menthol_Menthol_vs_Control"
"ko:K11495",-0.76597918330896,0.945222884667638,"Menthol_Menthol_vs_Control"
"ko:K11584",0.303787725486454,0.945222884667638,"Menthol_Menthol_vs_Control"
"ko:K11884",-0.222542955592289,0.945434144679215,"Menthol_Menthol_vs_Control"
"ko:K11980",-0.59012036649937,0.945222884667638,"Menthol_Menthol_vs_Control"
"ko:K12158",-0.0902446771335554,0.950793158257641,"Menthol_Menthol_vs_Control"
"ko:K12194",-0.125615082260288,0.945222884667638,"Menthol_Menthol_vs_Control"
"ko:K12197",-0.0750718742086727,0.950793158257641,"Menthol_Menthol_vs_Control"
"ko:K12198",-1.49915045653107,0.70367973349119,"Menthol_Menthol_vs_Control"
"ko:K12393",0.538117037000714,0.945222884667638,"Menthol_Menthol_vs_Control"
"ko:K12621",0.540373633542125,0.945222884667638,"Menthol_Menthol_vs_Control"
"ko:K12622",-0.734382629811155,0.945222884667638,"Menthol_Menthol_vs_Control"
"ko:K12623",0.147565988651269,0.950793158257641,"Menthol_Menthol_vs_Control"
"ko:K12757",-0.0902643252279456,0.945222884667638,"Menthol_Menthol_vs_Control"
"ko:K12828",-0.0392049091858169,0.945222884667638,"Menthol_Menthol_vs_Control"
"ko:K12832",-0.126607865158509,0.945222884667638,"Menthol_Menthol_vs_Control"
"ko:K12833",-1.050534489507,0.945222884667638,"Menthol_Menthol_vs_Control"
"ko:K12859",-0.0610732025134152,0.976892934800774,"Menthol_Menthol_vs_Control"
"ko:K12877",-0.370129947829809,0.945222884667638,"Menthol_Menthol_vs_Control"
"ko:K12947",-0.654232320820995,0.945222884667638,"Menthol_Menthol_vs_Control"
"ko:K13025",-0.153908879502726,0.945222884667638,"Menthol_Menthol_vs_Control"
"ko:K13126",0.271412401102284,0.945222884667638,"Menthol_Menthol_vs_Control"
"ko:K13176",-0.771234820140745,0.945222884667638,"Menthol_Menthol_vs_Control"
"ko:K13251",0.165698097017526,0.950793158257641,"Menthol_Menthol_vs_Control"
"ko:K13758",0.802145869026141,0.908181773245705,"Menthol_Menthol_vs_Control"
"ko:K13785",-2.67340168130828,1.53719285037661e-05,"Menthol_Menthol_vs_Control"
"ko:K14397",-0.232929549617513,0.945222884667638,"Menthol_Menthol_vs_Control"
"ko:K14753",-0.133937542400411,0.945222884667638,"Menthol_Menthol_vs_Control"
"ko:K14803",-0.749626272876851,0.945222884667638,"Menthol_Menthol_vs_Control"
"ko:K14965",-6.17706969662182,2.67470772863859e-10,"Menthol_Menthol_vs_Control"
"ko:K15025",0.052398372887623,0.987414359458405,"Menthol_Menthol_vs_Control"
"ko:K15103",0.204423016019029,0.945222884667638,"Menthol_Menthol_vs_Control"
"ko:K15620",-1.12273990974169,0.945222884667638,"Menthol_Menthol_vs_Control"
"ko:K16186",1.6275293709434,0.146195138665075,"Menthol_Menthol_vs_Control"
"ko:K16197",-1.30023421550321,0.19397356327839,"Menthol_Menthol_vs_Control"
"ko:K16344",-1.25404287244794,0.526110731479949,"Menthol_Menthol_vs_Control"
"ko:K16575",-0.00891006493953704,0.99841623030614,"Menthol_Menthol_vs_Control"
"ko:K16794",-0.219719903486426,0.945222884667638,"Menthol_Menthol_vs_Control"
"ko:K17080",-0.29838042716709,0.945222884667638,"Menthol_Menthol_vs_Control"
"ko:K17081",-0.43036945693771,0.908181773245705,"Menthol_Menthol_vs_Control"
"ko:K17093",0.981663632673486,0.945222884667638,"Menthol_Menthol_vs_Control"
"ko:K17254",0.847708076316543,0.945222884667638,"Menthol_Menthol_vs_Control"
"ko:K17266",-0.98310489031156,0.48439170483148,"Menthol_Menthol_vs_Control"
"ko:K17268",0.33839568513865,0.945222884667638,"Menthol_Menthol_vs_Control"
"ko:K17497",-0.364290270354158,0.945222884667638,"Menthol_Menthol_vs_Control"
"ko:K17780",-0.775825743515289,0.945222884667638,"Menthol_Menthol_vs_Control"
"ko:K17795",0.831280355935611,0.945222884667638,"Menthol_Menthol_vs_Control"
"ko:K17918",-0.0916641983768721,0.945222884667638,"Menthol_Menthol_vs_Control"
"ko:K17920",1.11877552404277,1.14421238174851e-06,"Menthol_Menthol_vs_Control"
"ko:K18269",-0.4837878815662,0.945222884667638,"Menthol_Menthol_vs_Control"
"ko:K18466",-0.349405911444286,0.945222884667638,"Menthol_Menthol_vs_Control"
"ko:K18617",0.579251045671254,0.945222884667638,"Menthol_Menthol_vs_Control"
"ko:K19682",0.421260382852116,0.945222884667638,"Menthol_Menthol_vs_Control"
"ko:K19765",0.0488014658355974,0.945222884667638,"Menthol_Menthol_vs_Control"
"ko:K19788",1.81799846743862,0.858091295328454,"Menthol_Menthol_vs_Control"
"ko:K19931",-0.0454614969625742,0.95832973730345,"Menthol_Menthol_vs_Control"
"ko:K19932",-1.01032699941292,0.807351787764955,"Menthol_Menthol_vs_Control"
"ko:K20011",-0.125777710913028,0.945222884667638,"Menthol_Menthol_vs_Control"
"ko:K20301",0.552092642167399,0.945222884667638,"Menthol_Menthol_vs_Control"
"ko:K20302",0.0521551693952134,0.97083570842867,"Menthol_Menthol_vs_Control"
"ko:K20346",-1.11571583513599,0.821996626972172,"Menthol_Menthol_vs_Control"
"ko:K20347",-0.66309942007355,0.945222884667638,"Menthol_Menthol_vs_Control"
"ko:K20350",-1.57230803715963,0.945222884667638,"Menthol_Menthol_vs_Control"
"ko:K20352",0.0868702810536832,0.945222884667638,"Menthol_Menthol_vs_Control"
"ko:K20369",0.605457161414235,0.0163413382311019,"Menthol_Menthol_vs_Control"
"ko:K20398",0.449913876768163,0.945222884667638,"Menthol_Menthol_vs_Control"
"ko:K20399",-1.46876160142225,0.921136314961085,"Menthol_Menthol_vs_Control"
"ko:K20472",0.396033386933217,0.945222884667638,"Menthol_Menthol_vs_Control"
"ko:K21870",-0.509372184757786,0.945222884667638,"Menthol_Menthol_vs_Control"
"ko:K21891",-0.895614107877748,0.945222884667638,"Menthol_Menthol_vs_Control"
"ko:K22069",0.576073725392592,0.945222884667638,"Menthol_Menthol_vs_Control"
"ko:K22390",-0.411191707007347,0.945222884667638,"Menthol_Menthol_vs_Control"
"ko:K22503",-0.352239104311637,0.945222884667638,"Menthol_Menthol_vs_Control"
"ko:K22556",-2.5198977888506,0.48439170483148,"Menthol_Menthol_vs_Control"
"ko:K22939",-0.439717266499001,0.945222884667638,"Menthol_Menthol_vs_Control"
"ko:K23034",-2.02601989146655,0.945222884667638,"Menthol_Menthol_vs_Control"
"ko:K000241",-0.985940541273539,0.519425431101626,"Vibrio_Vibrio_vs_Control"
"ko:K000311",-0.135069282378692,0.932647886070796,"Vibrio_Vibrio_vs_Control"
"ko:K001281",-0.0680541315631915,0.932647886070796,"Vibrio_Vibrio_vs_Control"
"ko:K001341",-0.917767694365229,0.578304357386594,"Vibrio_Vibrio_vs_Control"
"ko:K001401",1.1865325470704,0.3458751056309,"Vibrio_Vibrio_vs_Control"
"ko:K002071",-0.387664264264263,0.836140728995553,"Vibrio_Vibrio_vs_Control"
"ko:K002351",-0.964005566079419,0.183176855000473,"Vibrio_Vibrio_vs_Control"
"ko:K002491",-3.0129794642048,NA,"Vibrio_Vibrio_vs_Control"
"ko:K002621",-0.624315196093118,0.561911276983734,"Vibrio_Vibrio_vs_Control"
"ko:K003311",0.774735201167612,0.533941415908843,"Vibrio_Vibrio_vs_Control"
"ko:K003331",-0.283871627370068,0.769787235968231,"Vibrio_Vibrio_vs_Control"
"ko:K003381",0.972409280573026,NA,"Vibrio_Vibrio_vs_Control"
"ko:K003571",-1.72161914101002,NA,"Vibrio_Vibrio_vs_Control"
"ko:K004111",-0.110890498326313,0.776849989170325,"Vibrio_Vibrio_vs_Control"
"ko:K004131",0.551318834215029,NA,"Vibrio_Vibrio_vs_Control"
"ko:K004561",-0.696958206933343,0.519425431101626,"Vibrio_Vibrio_vs_Control"
"ko:K004691",-0.553185774123361,0.0494456246161113,"Vibrio_Vibrio_vs_Control"
"ko:K005001",-0.187732933003585,0.866100869155914,"Vibrio_Vibrio_vs_Control"
"ko:K005221",-0.297312375218454,0.61496745386478,"Vibrio_Vibrio_vs_Control"
"ko:K005441",0.473530471527225,0.891171571703495,"Vibrio_Vibrio_vs_Control"
"ko:K006161",1.0660175264815,NA,"Vibrio_Vibrio_vs_Control"
"ko:K006431",1.44002405534232,2.8630871377371e-05,"Vibrio_Vibrio_vs_Control"
"ko:K007991",-1.03839821715075,0.533941415908843,"Vibrio_Vibrio_vs_Control"
"ko:K008141",-0.481083018695078,NA,"Vibrio_Vibrio_vs_Control"
"ko:K008191",-0.117801156285647,0.861862822999657,"Vibrio_Vibrio_vs_Control"
"ko:K008561",1.34105002213163,0.288590893565917,"Vibrio_Vibrio_vs_Control"
"ko:K009331",-0.593306500997253,0.518313872040415,"Vibrio_Vibrio_vs_Control"
"ko:K009391",0.94047982613473,0.160316063869423,"Vibrio_Vibrio_vs_Control"
"ko:K009401",-0.75835371595587,0.550671003605427,"Vibrio_Vibrio_vs_Control"
"ko:K009671",0.443947194809856,0.0728232199371891,"Vibrio_Vibrio_vs_Control"
"ko:K010701",-0.37105117706288,NA,"Vibrio_Vibrio_vs_Control"
"ko:K012061",3.2301778174314,1.62875325454006e-05,"Vibrio_Vibrio_vs_Control"
"ko:K012511",1.96859309588765,0.000799496723832332,"Vibrio_Vibrio_vs_Control"
"ko:K013631",-0.170274758016738,0.77737214502662,"Vibrio_Vibrio_vs_Control"
"ko:K013651",0.370768087868455,0.283879450139251,"Vibrio_Vibrio_vs_Control"
"ko:K013791",-0.476597265216214,0.292439232110723,"Vibrio_Vibrio_vs_Control"
"ko:K015511",0.337431720096257,NA,"Vibrio_Vibrio_vs_Control"
"ko:K015961",2.95527302607099,3.07678427636237e-28,"Vibrio_Vibrio_vs_Control"
"ko:K016231",0.00969716140896686,0.983740880757057,"Vibrio_Vibrio_vs_Control"
"ko:K016811",1.40758319158768,0.00261603755605292,"Vibrio_Vibrio_vs_Control"
"ko:K016891",0.42722095003494,0.533941415908843,"Vibrio_Vibrio_vs_Control"
"ko:K016971",-1.77150284201693,NA,"Vibrio_Vibrio_vs_Control"
"ko:K017581",0.501069318637695,0.769787235968231,"Vibrio_Vibrio_vs_Control"
"ko:K018751",-0.0761261727778491,0.962302766812078,"Vibrio_Vibrio_vs_Control"
"ko:K018811",0.472347991196719,0.840560527994567,"Vibrio_Vibrio_vs_Control"
"ko:K018891",1.07686866307115,0.283879450139251,"Vibrio_Vibrio_vs_Control"
"ko:K018901",0.0996012656050585,0.96294096060341,"Vibrio_Vibrio_vs_Control"
"ko:K018921",0.0399724083326097,0.974770771119071,"Vibrio_Vibrio_vs_Control"
"ko:K018931",-0.939348655269476,0.533941415908843,"Vibrio_Vibrio_vs_Control"
"ko:K019531",-0.639975337988872,0.288590893565917,"Vibrio_Vibrio_vs_Control"
"ko:K021051",-0.804219627030159,0.477818804713029,"Vibrio_Vibrio_vs_Control"
"ko:K021111",-0.661315455916202,NA,"Vibrio_Vibrio_vs_Control"
"ko:K021121",0.317011759017481,0.521893346566729,"Vibrio_Vibrio_vs_Control"
"ko:K021461",-0.514478865249951,0.671610855487482,"Vibrio_Vibrio_vs_Control"
"ko:K021491",-0.640685022279615,0.61496745386478,"Vibrio_Vibrio_vs_Control"
"ko:K021521",1.61949406590307,NA,"Vibrio_Vibrio_vs_Control"
"ko:K021551",0.12645583809101,0.890957896953136,"Vibrio_Vibrio_vs_Control"
"ko:K021831",-0.574087680888241,0.0186843468100325,"Vibrio_Vibrio_vs_Control"
"ko:K022191",-1.57438630394027,NA,"Vibrio_Vibrio_vs_Control"
"ko:K022671",-0.669103962891818,0.671610855487482,"Vibrio_Vibrio_vs_Control"
"ko:K024371",0.474921863189296,0.589653320248128,"Vibrio_Vibrio_vs_Control"
"ko:K025031",-0.321723653748248,NA,"Vibrio_Vibrio_vs_Control"
"ko:K026351",0.454347174135902,0.661459808551818,"Vibrio_Vibrio_vs_Control"
"ko:K026391",-0.350784899814756,NA,"Vibrio_Vibrio_vs_Control"
"ko:K027031",4.01120649629004,0.533941415908843,"Vibrio_Vibrio_vs_Control"
"ko:K027051",1.68443693631705,0.183176855000473,"Vibrio_Vibrio_vs_Control"
"ko:K027061",-1.84392605858128,NA,"Vibrio_Vibrio_vs_Control"
"ko:K027251",0.0751045908116869,NA,"Vibrio_Vibrio_vs_Control"
"ko:K027261",-0.669012167711347,0.695845144475609,"Vibrio_Vibrio_vs_Control"
"ko:K027281",-0.0719024044711196,0.96294096060341,"Vibrio_Vibrio_vs_Control"
"ko:K027321",-0.159722917829953,0.875612969513871,"Vibrio_Vibrio_vs_Control"
"ko:K028651",-0.114022984883366,0.953394050344188,"Vibrio_Vibrio_vs_Control"
"ko:K028661",-0.934213307408815,NA,"Vibrio_Vibrio_vs_Control"
"ko:K028701",-0.382708958256449,0.225007877276285,"Vibrio_Vibrio_vs_Control"
"ko:K028721",-2.46330729766912,0.0272864720733975,"Vibrio_Vibrio_vs_Control"
"ko:K028731",-1.62117889385865,0.000249119918914591,"Vibrio_Vibrio_vs_Control"
"ko:K028771",1.69207138072869,0.25928699516676,"Vibrio_Vibrio_vs_Control"
"ko:K028801",-0.921023063973025,0.370349102876106,"Vibrio_Vibrio_vs_Control"
"ko:K028821",0.619567286799248,0.589653320248128,"Vibrio_Vibrio_vs_Control"
"ko:K028851",-0.47535587413835,0.693183501057812,"Vibrio_Vibrio_vs_Control"
"ko:K028891",-0.739204696816524,0.533941415908843,"Vibrio_Vibrio_vs_Control"
"ko:K028961",-0.933502540771543,0.151638037612706,"Vibrio_Vibrio_vs_Control"
"ko:K028981",0.0687904065363351,0.96294096060341,"Vibrio_Vibrio_vs_Control"
"ko:K029011",-0.251468606215831,0.875612969513871,"Vibrio_Vibrio_vs_Control"
"ko:K029051",0.368085441193066,0.533941415908843,"Vibrio_Vibrio_vs_Control"
"ko:K029081",1.28484924085836,0.059508941609592,"Vibrio_Vibrio_vs_Control"
"ko:K029101",-0.649363100638303,0.597510722312056,"Vibrio_Vibrio_vs_Control"
"ko:K029151",-0.573969159878942,0.588892526125321,"Vibrio_Vibrio_vs_Control"
"ko:K029181",0.116198461079822,NA,"Vibrio_Vibrio_vs_Control"
"ko:K029201",0.440203144667216,0.834079600196893,"Vibrio_Vibrio_vs_Control"
"ko:K029231",-0.138078783423489,0.932647886070796,"Vibrio_Vibrio_vs_Control"
"ko:K029241",-0.546072490803125,NA,"Vibrio_Vibrio_vs_Control"
"ko:K029291",0.763590393505809,0.533941415908843,"Vibrio_Vibrio_vs_Control"
"ko:K029321",-0.448758057314607,0.533941415908843,"Vibrio_Vibrio_vs_Control"
"ko:K029361",-0.123113807203726,0.932647886070796,"Vibrio_Vibrio_vs_Control"
"ko:K029371",0.10208399815811,NA,"Vibrio_Vibrio_vs_Control"
"ko:K029381",0.930400317634638,0.30086835924636,"Vibrio_Vibrio_vs_Control"
"ko:K029411",0.729208066805514,0.533941415908843,"Vibrio_Vibrio_vs_Control"
"ko:K029471",1.60022639239065,NA,"Vibrio_Vibrio_vs_Control"
"ko:K029491",0.859814640336795,0.288760538515684,"Vibrio_Vibrio_vs_Control"
"ko:K029511",-0.348487696537857,0.831403400263165,"Vibrio_Vibrio_vs_Control"
"ko:K029531",-0.955335236787829,NA,"Vibrio_Vibrio_vs_Control"
"ko:K029551",-0.989280197235363,0.151638037612706,"Vibrio_Vibrio_vs_Control"
"ko:K029581",-0.164547720581815,0.932647886070796,"Vibrio_Vibrio_vs_Control"
"ko:K029621",1.11777459373379,0.218837359456458,"Vibrio_Vibrio_vs_Control"
"ko:K029661",-0.344602972863835,0.834079600196893,"Vibrio_Vibrio_vs_Control"
"ko:K029691",-0.56943180552446,NA,"Vibrio_Vibrio_vs_Control"
"ko:K029731",-0.555609053522773,NA,"Vibrio_Vibrio_vs_Control"
"ko:K029751",-0.0275445022004074,NA,"Vibrio_Vibrio_vs_Control"
"ko:K029761",-0.927200610914575,NA,"Vibrio_Vibrio_vs_Control"
"ko:K029781",0.249422515881554,0.715795844315991,"Vibrio_Vibrio_vs_Control"
"ko:K029801",-1.56539732801658,0.0728232199371891,"Vibrio_Vibrio_vs_Control"
"ko:K029831",-0.248307429345032,0.913222671139686,"Vibrio_Vibrio_vs_Control"
"ko:K029841",0.514867005792422,0.563901293525303,"Vibrio_Vibrio_vs_Control"
"ko:K029851",1.1491624700967,0.561911276983734,"Vibrio_Vibrio_vs_Control"
"ko:K029871",-1.20686376906415,NA,"Vibrio_Vibrio_vs_Control"
"ko:K029911",-0.509689919355579,0.340841692486523,"Vibrio_Vibrio_vs_Control"
"ko:K029921",-0.527311155671343,0.730433525344666,"Vibrio_Vibrio_vs_Control"
"ko:K029931",-0.250934745149311,0.671610855487482,"Vibrio_Vibrio_vs_Control"
"ko:K029951",0.142743971131586,0.92125015158931,"Vibrio_Vibrio_vs_Control"
"ko:K030071",-3.44823758336341,0.000319535264291435,"Vibrio_Vibrio_vs_Control"
"ko:K030081",-1.73674875832237,NA,"Vibrio_Vibrio_vs_Control"
"ko:K030311",0.699753311953049,0.561911276983734,"Vibrio_Vibrio_vs_Control"
"ko:K030831",-0.410719494774,0.5566921287052,"Vibrio_Vibrio_vs_Control"
"ko:K031131",0.0414387601553793,NA,"Vibrio_Vibrio_vs_Control"
"ko:K032311",0.682428824460365,0.796557567187126,"Vibrio_Vibrio_vs_Control"
"ko:K032321",0.80081238222396,0.629043932653098,"Vibrio_Vibrio_vs_Control"
"ko:K032331",1.00016292080665,0.578304357386594,"Vibrio_Vibrio_vs_Control"
"ko:K032341",0.337228934386012,NA,"Vibrio_Vibrio_vs_Control"
"ko:K032361",-0.182875191270276,0.840560527994567,"Vibrio_Vibrio_vs_Control"
"ko:K032461",-0.994156605481564,0.489487406522865,"Vibrio_Vibrio_vs_Control"
"ko:K032471",-0.936821640009196,0.533941415908843,"Vibrio_Vibrio_vs_Control"
"ko:K032831",0.382855065139552,0.518313872040415,"Vibrio_Vibrio_vs_Control"
"ko:K035211",0.293650371534035,0.77737214502662,"Vibrio_Vibrio_vs_Control"
"ko:K035221",-2.1767514960958,NA,"Vibrio_Vibrio_vs_Control"
"ko:K036261",2.39137034564917,1.62875325454006e-05,"Vibrio_Vibrio_vs_Control"
"ko:K036611",-0.216327963830203,0.932647886070796,"Vibrio_Vibrio_vs_Control"
"ko:K038721",0.0914864221691575,0.96294096060341,"Vibrio_Vibrio_vs_Control"
"ko:K038731",0.218901745942999,0.840153231061718,"Vibrio_Vibrio_vs_Control"
"ko:K039361",-0.403807497552989,NA,"Vibrio_Vibrio_vs_Control"
"ko:K039421",-0.834461246278292,NA,"Vibrio_Vibrio_vs_Control"
"ko:K039431",0.0595328658774613,NA,"Vibrio_Vibrio_vs_Control"
"ko:K040431",1.54012970773152,0.268906031658257,"Vibrio_Vibrio_vs_Control"
"ko:K040791",0.677940380161481,0.552667636296985,"Vibrio_Vibrio_vs_Control"
"ko:K043451",0.864633796088748,0.588892526125321,"Vibrio_Vibrio_vs_Control"
"ko:K043481",-0.307149125597178,NA,"Vibrio_Vibrio_vs_Control"
"ko:K043541",0.0145046522337516,0.983740880757057,"Vibrio_Vibrio_vs_Control"
"ko:K043641",0.669902712145529,0.557959400863323,"Vibrio_Vibrio_vs_Control"
"ko:K043691",-0.780415099970187,0.61496745386478,"Vibrio_Vibrio_vs_Control"
"ko:K043701",0.788581136906708,NA,"Vibrio_Vibrio_vs_Control"
"ko:K043711",-0.396553798768773,NA,"Vibrio_Vibrio_vs_Control"
"ko:K043931",-0.338954931213626,0.747078290311987,"Vibrio_Vibrio_vs_Control"
"ko:K044441",0.969720636558759,0.840153231061718,"Vibrio_Vibrio_vs_Control"
"ko:K044561",-0.53086399801957,NA,"Vibrio_Vibrio_vs_Control"
"ko:K045031",-0.0612811373552781,0.96294096060341,"Vibrio_Vibrio_vs_Control"
"ko:K045361",-1.4533549316729,NA,"Vibrio_Vibrio_vs_Control"
"ko:K045521",-0.844393605096734,0.240548283290127,"Vibrio_Vibrio_vs_Control"
"ko:K045671",-0.304440526349933,0.519425431101626,"Vibrio_Vibrio_vs_Control"
"ko:K047121",0.315768576521888,0.866575162115535,"Vibrio_Vibrio_vs_Control"
"ko:K057541",1.16887452485243,0.00141843717707938,"Vibrio_Vibrio_vs_Control"
"ko:K057551",0.272528886630804,0.853379445410941,"Vibrio_Vibrio_vs_Control"
"ko:K057571",0.329930985067458,0.519425431101626,"Vibrio_Vibrio_vs_Control"
"ko:K057581",0.305848625065736,0.866100869155914,"Vibrio_Vibrio_vs_Control"
"ko:K057591",-0.295806138521249,0.671610855487482,"Vibrio_Vibrio_vs_Control"
"ko:K066851",0.33377028642094,0.848479156250579,"Vibrio_Vibrio_vs_Control"
"ko:K066891",-0.567380226182319,0.533941415908843,"Vibrio_Vibrio_vs_Control"
"ko:K067041",1.19918725322995,NA,"Vibrio_Vibrio_vs_Control"
"ko:K071511",-0.28010429822139,0.393537113033185,"Vibrio_Vibrio_vs_Control"
"ko:K071921",-0.0300353397707676,0.967906432670618,"Vibrio_Vibrio_vs_Control"
"ko:K072051",-0.19866361175174,0.866100869155914,"Vibrio_Vibrio_vs_Control"
"ko:K073421",-0.374166887859198,0.840153231061718,"Vibrio_Vibrio_vs_Control"
"ko:K073751",-0.312952040210051,0.789944880846051,"Vibrio_Vibrio_vs_Control"
"ko:K075091",0.037753555974057,0.96294096060341,"Vibrio_Vibrio_vs_Control"
"ko:K078271",0.124988666433555,0.92125015158931,"Vibrio_Vibrio_vs_Control"
"ko:K078741",0.643888577886298,0.557959400863323,"Vibrio_Vibrio_vs_Control"
"ko:K078871",0.222258636490039,0.819614520848257,"Vibrio_Vibrio_vs_Control"
"ko:K078901",0.292476884687266,0.747078290311987,"Vibrio_Vibrio_vs_Control"
"ko:K078931",0.588471989381414,NA,"Vibrio_Vibrio_vs_Control"
"ko:K079011",0.640693500773843,0.370349102876106,"Vibrio_Vibrio_vs_Control"
"ko:K079361",-1.22319907246384,0.0973285560434481,"Vibrio_Vibrio_vs_Control"
"ko:K079371",-0.404985650721906,0.135961927646384,"Vibrio_Vibrio_vs_Control"
"ko:K079761",0.677689151372904,NA,"Vibrio_Vibrio_vs_Control"
"ko:K080561",-2.03933983506326,NA,"Vibrio_Vibrio_vs_Control"
"ko:K085481",0.504397094045231,0.557959400863323,"Vibrio_Vibrio_vs_Control"
"ko:K087641",-0.579998006333355,NA,"Vibrio_Vibrio_vs_Control"
"ko:K088701",0.521379637095244,NA,"Vibrio_Vibrio_vs_Control"
"ko:K089571",2.18211302946442,0.0205783250714606,"Vibrio_Vibrio_vs_Control"
"ko:K090221",0.10274267954156,0.957760561802315,"Vibrio_Vibrio_vs_Control"
"ko:K093981",0.088108828062156,NA,"Vibrio_Vibrio_vs_Control"
"ko:K094811",0.667911358737073,0.518313872040415,"Vibrio_Vibrio_vs_Control"
"ko:K094901",-0.92198155158302,0.550147860666022,"Vibrio_Vibrio_vs_Control"
"ko:K095671",2.40061083672395,NA,"Vibrio_Vibrio_vs_Control"
"ko:K095681",0.224182025738322,0.932647886070796,"Vibrio_Vibrio_vs_Control"
"ko:K095691",2.48142237130801,0.0116564468765345,"Vibrio_Vibrio_vs_Control"
"ko:K095801",0.0469832698985571,0.962302766812078,"Vibrio_Vibrio_vs_Control"
"ko:K095841",-0.164576564088496,0.61496745386478,"Vibrio_Vibrio_vs_Control"
"ko:K095951",-0.7543574640572,0.288590893565917,"Vibrio_Vibrio_vs_Control"
"ko:K103641",0.362935581237579,0.561911276983734,"Vibrio_Vibrio_vs_Control"
"ko:K103651",0.327133542191291,0.533941415908843,"Vibrio_Vibrio_vs_Control"
"ko:K104181",0.738953723640552,0.533941415908843,"Vibrio_Vibrio_vs_Control"
"ko:K104191",-0.616959583775555,0.741970913744654,"Vibrio_Vibrio_vs_Control"
"ko:K104201",0.366910930761642,0.635597327965281,"Vibrio_Vibrio_vs_Control"
"ko:K104351",0.425318517185468,0.533941415908843,"Vibrio_Vibrio_vs_Control"
"ko:K105731",0.441492720410328,0.776849989170325,"Vibrio_Vibrio_vs_Control"
"ko:K105751",0.672482763603958,0.533941415908843,"Vibrio_Vibrio_vs_Control"
"ko:K105771",-0.403877636246892,NA,"Vibrio_Vibrio_vs_Control"
"ko:K105801",-0.201558970393659,0.861862822999657,"Vibrio_Vibrio_vs_Control"
"ko:K105821",-1.40136720460455,NA,"Vibrio_Vibrio_vs_Control"
"ko:K105831",-1.48975871744888,NA,"Vibrio_Vibrio_vs_Control"
"ko:K106881",0.119986902164076,NA,"Vibrio_Vibrio_vs_Control"
"ko:K107041",1.25049129059469,0.0153119070842591,"Vibrio_Vibrio_vs_Control"
"ko:K109491",0.537830087286325,0.693183501057812,"Vibrio_Vibrio_vs_Control"
"ko:K109561",0.454725223214228,0.904583267696999,"Vibrio_Vibrio_vs_Control"
"ko:K110871",2.15018002088656,NA,"Vibrio_Vibrio_vs_Control"
"ko:K110881",0.755380927202579,0.533941415908843,"Vibrio_Vibrio_vs_Control"
"ko:K110991",0.502745230757907,NA,"Vibrio_Vibrio_vs_Control"
"ko:K111301",-0.642816177043811,NA,"Vibrio_Vibrio_vs_Control"
"ko:K111881",-0.188998362658329,0.926556957588841,"Vibrio_Vibrio_vs_Control"
"ko:K112511",1.10856212518668,0.18510714061281,"Vibrio_Vibrio_vs_Control"
"ko:K112521",0.86168322244179,0.200622475619517,"Vibrio_Vibrio_vs_Control"
"ko:K112541",1.0839488420939,NA,"Vibrio_Vibrio_vs_Control"
"ko:K114951",-1.15940848814873,NA,"Vibrio_Vibrio_vs_Control"
"ko:K115841",-2.170980375095,0.0973285560434481,"Vibrio_Vibrio_vs_Control"
"ko:K118841",-0.737654887680343,NA,"Vibrio_Vibrio_vs_Control"
"ko:K119801",-0.0403746545851875,0.974770771119071,"Vibrio_Vibrio_vs_Control"
"ko:K121581",0.134876355866522,0.932647886070796,"Vibrio_Vibrio_vs_Control"
"ko:K121941",0.203492009518363,0.552667636296985,"Vibrio_Vibrio_vs_Control"
"ko:K121971",0.305926752843728,0.776849989170325,"Vibrio_Vibrio_vs_Control"
"ko:K121981",-0.00938429008707258,NA,"Vibrio_Vibrio_vs_Control"
"ko:K123931",2.59271337857206,0.136447650289315,"Vibrio_Vibrio_vs_Control"
"ko:K126211",-0.440246686668292,NA,"Vibrio_Vibrio_vs_Control"
"ko:K126221",-0.1717228604307,NA,"Vibrio_Vibrio_vs_Control"
"ko:K126231",-1.17048555386113,0.533941415908843,"Vibrio_Vibrio_vs_Control"
"ko:K127571",-0.0659065341813743,0.92125015158931,"Vibrio_Vibrio_vs_Control"
"ko:K128281",-0.104936338460791,0.669759498439144,"Vibrio_Vibrio_vs_Control"
"ko:K128321",0.0278734213153329,0.96294096060341,"Vibrio_Vibrio_vs_Control"
"ko:K128331",0.254480908788952,NA,"Vibrio_Vibrio_vs_Control"
"ko:K128591",0.352171561729627,0.840153231061718,"Vibrio_Vibrio_vs_Control"
"ko:K128771",-0.482619573737321,0.767213533754818,"Vibrio_Vibrio_vs_Control"
"ko:K129471",-0.31505470939499,0.819614520848257,"Vibrio_Vibrio_vs_Control"
"ko:K130251",-0.20370227434143,0.533941415908843,"Vibrio_Vibrio_vs_Control"
"ko:K131261",0.0207817804069649,0.96294096060341,"Vibrio_Vibrio_vs_Control"
"ko:K131761",0.388597920260916,NA,"Vibrio_Vibrio_vs_Control"
"ko:K132511",-0.173606947216677,NA,"Vibrio_Vibrio_vs_Control"
"ko:K137581",1.27510257661921,0.151638037612706,"Vibrio_Vibrio_vs_Control"
"ko:K137851",0.0913106008283456,0.950336183510922,"Vibrio_Vibrio_vs_Control"
"ko:K143971",0.327442799958482,NA,"Vibrio_Vibrio_vs_Control"
"ko:K147531",0.792302231730673,0.00129270677300267,"Vibrio_Vibrio_vs_Control"
"ko:K148031",-0.677678416496685,NA,"Vibrio_Vibrio_vs_Control"
"ko:K149651",-0.485339173837213,0.776849989170325,"Vibrio_Vibrio_vs_Control"
"ko:K150251",2.53964435161866,NA,"Vibrio_Vibrio_vs_Control"
"ko:K151031",-0.651895645037823,0.561911276983734,"Vibrio_Vibrio_vs_Control"
"ko:K156201",-1.12844200137953,NA,"Vibrio_Vibrio_vs_Control"
"ko:K161861",2.33357250383123,0.00146216957364991,"Vibrio_Vibrio_vs_Control"
"ko:K161971",-0.662099424115996,0.533941415908843,"Vibrio_Vibrio_vs_Control"
"ko:K163441",-0.17654879332776,0.92125015158931,"Vibrio_Vibrio_vs_Control"
"ko:K165751",-1.71436012183413,NA,"Vibrio_Vibrio_vs_Control"
"ko:K167941",0.395804801822389,0.588892526125321,"Vibrio_Vibrio_vs_Control"
"ko:K170801",-0.541946280836538,0.769787235968231,"Vibrio_Vibrio_vs_Control"
"ko:K170811",-0.257139805664425,0.663712350145008,"Vibrio_Vibrio_vs_Control"
"ko:K170931",-1.22217963318121,NA,"Vibrio_Vibrio_vs_Control"
"ko:K172541",-0.02832403566148,NA,"Vibrio_Vibrio_vs_Control"
"ko:K172661",0.409799567434077,0.671610855487482,"Vibrio_Vibrio_vs_Control"
"ko:K172681",0.751092500745218,0.518313872040415,"Vibrio_Vibrio_vs_Control"
"ko:K174971",1.08463872563632,NA,"Vibrio_Vibrio_vs_Control"
"ko:K177801",-0.907323046728252,NA,"Vibrio_Vibrio_vs_Control"
"ko:K177951",0.261807308878068,NA,"Vibrio_Vibrio_vs_Control"
"ko:K179181",-0.18304301474602,0.671610855487482,"Vibrio_Vibrio_vs_Control"
"ko:K179201",-0.124925220101283,0.769787235968231,"Vibrio_Vibrio_vs_Control"
"ko:K182691",1.19395865863464,0.145653681310517,"Vibrio_Vibrio_vs_Control"
"ko:K184661",0.806700514255958,0.542999046236281,"Vibrio_Vibrio_vs_Control"
"ko:K186171",0.579596996233597,NA,"Vibrio_Vibrio_vs_Control"
"ko:K196821",0.434837206670953,0.60494038523923,"Vibrio_Vibrio_vs_Control"
"ko:K197651",-0.482297814423071,8.38077772779149e-05,"Vibrio_Vibrio_vs_Control"
"ko:K197881",-0.314261851802778,NA,"Vibrio_Vibrio_vs_Control"
"ko:K199311",0.414048576709495,0.552667636296985,"Vibrio_Vibrio_vs_Control"
"ko:K199321",0.665740302954451,0.578304357386594,"Vibrio_Vibrio_vs_Control"
"ko:K200111",0.0569413868892557,0.96294096060341,"Vibrio_Vibrio_vs_Control"
"ko:K203011",-0.0516654708062552,NA,"Vibrio_Vibrio_vs_Control"
"ko:K203021",-0.431426341216718,0.671610855487482,"Vibrio_Vibrio_vs_Control"
"ko:K203461",-0.00399744687163817,0.995347347806803,"Vibrio_Vibrio_vs_Control"
"ko:K203471",0.135484461772213,0.932647886070796,"Vibrio_Vibrio_vs_Control"
"ko:K203501",-2.04828768115442,NA,"Vibrio_Vibrio_vs_Control"
"ko:K203521",0.573183664697861,0.370349102876106,"Vibrio_Vibrio_vs_Control"
"ko:K203691",-0.619083972568576,0.00261603755605292,"Vibrio_Vibrio_vs_Control"
"ko:K203981",-0.560583341353795,0.533941415908843,"Vibrio_Vibrio_vs_Control"
"ko:K203991",-0.486540775042543,NA,"Vibrio_Vibrio_vs_Control"
"ko:K204721",-0.796945485707784,0.288590893565917,"Vibrio_Vibrio_vs_Control"
"ko:K218701",-0.233410397313899,0.932647886070796,"Vibrio_Vibrio_vs_Control"
"ko:K218911",0.270384134451115,NA,"Vibrio_Vibrio_vs_Control"
"ko:K220691",0.604882502642901,NA,"Vibrio_Vibrio_vs_Control"
"ko:K223901",-0.0839459740563217,0.96294096060341,"Vibrio_Vibrio_vs_Control"
"ko:K225031",0.173139954656496,0.957760561802315,"Vibrio_Vibrio_vs_Control"
"ko:K225561",-1.63092601224206,0.533941415908843,"Vibrio_Vibrio_vs_Control"
"ko:K229391",-1.32380082993506,NA,"Vibrio_Vibrio_vs_Control"
"ko:K230341",1.3300061093198,0.72564458159219,"Vibrio_Vibrio_vs_Control"
